Workbook
Name Slicer_category: #N/A
Name Slicer_Month: #N/A
Name Slicer_Product_Name: #N/A
Name Slicer_Region_Name: #N/A

Sheet Pivot 1
E1: MONTHLY ANALYSIS
A4: Row Labels | B4: Sum of SalesAmount
A5: Apr-2025 | B5: 30000
A6: Feb-2025 | B6: 80000
A7: Jan-2025 | B7: 140000
A8: Mar-2025 | B8: 140000
A9: Grand Total | B9: 390000

Sheet Pivot 2
F1: WEEKDAY ANALYSIS
A2: Month | B2: (All)
A3: category | B3: (All)
A4: Region Name | B4: (All)
A5: Product Name | B5: (All)
A7: Row Labels | B7: Sum of SalesAmount
A8: Sunday | B8: 55000
A9: Monday | B9: 100000
A10: Tuesday | B10: 90000
A11: Wednesday | B11: 125000
A12: Saturday | B12: 20000
A13: Grand Total | B13: 390000

Sheet pivot 3
F1: PRODUCT ANALYSIS
A2: Month | B2: (All)
A3: category | B3: (All)
A4: Region Name | B4: (All)
A6: Row Labels | B6: Sum of SalesAmount
A7: Electronics | B7: 375000
A8: Home Appliances | B8: 15000
A9: Grand Total | B9: 390000

Sheet Pivot 4
G1: CATEGORY ANALYSIS
A2: Month | B2: (All)
A3: Product Name | B3: (All)
A4: Region Name | B4: (All)
A6: Row Labels | B6: Sum of SalesAmount
A7: Microwave | B7: 60000
A8: Mixer | B8: 15000
A9: Oven | B9: 90000
A10: Refrigerator | B10: 100000
A11: Washing Machine | B11: 125000
A12: Grand Total | B12: 390000

Sheet Pivot 5
G1: REGION ANALYSIS
A2: Month | B2: (All)
A3: category | B3: (All)
A4: Product Name | B4: (All)
A6: Row Labels | B6: Sum of SalesAmount
A7: North | B7: 160000
A8: South | B8: 160000
A9: West | B9: 70000
A10: Grand Total | B10: 390000

Sheet Sales
A2: OrderID | B2: OrderDate | C2: ProductID | D2: RegionID | E2: Quantity | F2: SalesAmount | G2: Month | H2: Month No | I2: weekday | J2: week No | K2: Product Name | L2: category | M2: Region Name
A3: O1001 | B3: 45662 | C3: P101 | D3: R1 | E3: 2 | F3: 40000 | G3: =TEXT(B3,"mmm-yyy") -> Jan-2025 | H3: =MONTH(B3) -> 1 | I3: =TEXT(B3,"dddd") -> Sunday | J3: =WEEKDAY(B3,2) -> 7 | K3: =VLOOKUP(C3,Products!$A$2:$C$7,3,FALSE) -> Electronics | L3: =VLOOKUP(C3,Products!$A$2:$C$7,2,FALSE) -> Microwave | M3: =VLOOKUP(D3,Regions!$A$2:$B$5,2,FALSE) -> North
A4: O1002 | B4: 45663 | C4: P102 | D4: R2 | E4: 1 | F4: 25000 | G4: =TEXT(B4,"mmm-yyy") -> Jan-2025 | H4: =MONTH(B4) -> 1 | I4: =TEXT(B4,"dddd") -> Monday | J4: =WEEKDAY(B4,2) -> 1 | K4: =VLOOKUP(C4,Products!$A$2:$C$7,3,FALSE) -> Electronics | L4: =VLOOKUP(C4,Products!$A$2:$C$7,2,FALSE) -> Refrigerator | M4: =VLOOKUP(D4,Regions!$A$2:$B$5,2,FALSE) -> South
A5: O1003 | B5: 45665 | C5: P103 | D5: R1 | E5: 3 | F5: 75000 | G5: =TEXT(B5,"mmm-yyy") -> Jan-2025 | H5: =MONTH(B5) -> 1 | I5: =TEXT(B5,"dddd") -> Wednesday | J5: =WEEKDAY(B5,2) -> 3 | K5: =VLOOKUP(C5,Products!$A$2:$C$7,3,FALSE) -> Electronics | L5: =VLOOKUP(C5,Products!$A$2:$C$7,2,FALSE) -> Washing Machine | M5: =VLOOKUP(D5,Regions!$A$2:$B$5,2,FALSE) -> North
A6: O1004 | B6: 45703 | C6: P101 | D6: R3 | E6: 1 | F6: 20000 | G6: =TEXT(B6,"mmm-yyy") -> Feb-2025 | H6: =MONTH(B6) -> 2 | I6: =TEXT(B6,"dddd") -> Saturday | J6: =WEEKDAY(B6,2) -> 6 | K6: =VLOOKUP(C6,Products!$A$2:$C$7,3,FALSE) -> Electronics | L6: =VLOOKUP(C6,Products!$A$2:$C$7,2,FALSE) -> Microwave | M6: =VLOOKUP(D6,Regions!$A$2:$B$5,2,FALSE) -> West
A7: O1005 | B7: 45706 | C7: P104 | D7: R2 | E7: 2 | F7: 60000 | G7: =TEXT(B7,"mmm-yyy") -> Feb-2025 | H7: =MONTH(B7) -> 2 | I7: =TEXT(B7,"dddd") -> Tuesday | J7: =WEEKDAY(B7,2) -> 2 | K7: =VLOOKUP(C7,Products!$A$2:$C$7,3,FALSE) -> Electronics | L7: =VLOOKUP(C7,Products!$A$2:$C$7,2,FALSE) -> Oven | M7: =VLOOKUP(D7,Regions!$A$2:$B$5,2,FALSE) -> South
A8: O1006 | B8: 45718 | C8: P105 | D8: R1 | E8: 1 | F8: 15000 | G8: =TEXT(B8,"mmm-yyy") -> Mar-2025 | H8: =MONTH(B8) -> 3 | I8: =TEXT(B8,"dddd") -> Sunday | J8: =WEEKDAY(B8,2) -> 7 | K8: =VLOOKUP(C8,Products!$A$2:$C$7,3,FALSE) -> Home Appliances | L8: =VLOOKUP(C8,Products!$A$2:$C$7,2,FALSE) -> Mixer | M8: =VLOOKUP(D8,Regions!$A$2:$B$5,2,FALSE) -> North
A9: O1007 | B9: 45721 | C9: P103 | D9: R3 | E9: 2 | F9: 50000 | G9: =TEXT(B9,"mmm-yyy") -> Mar-2025 | H9: =MONTH(B9) -> 3 | I9: =TEXT(B9,"dddd") -> Wednesday | J9: =WEEKDAY(B9,2) -> 3 | K9: =VLOOKUP(C9,Products!$A$2:$C$7,3,FALSE) -> Electronics | L9: =VLOOKUP(C9,Products!$A$2:$C$7,2,FALSE) -> Washing Machine | M9: =VLOOKUP(D9,Regions!$A$2:$B$5,2,FALSE) -> West
A10: O1008 | B10: 45726 | C10: P102 | D10: R2 | E10: 3 | F10: 75000 | G10: =TEXT(B10,"mmm-yyy") -> Mar-2025 | H10: =MONTH(B10) -> 3 | I10: =TEXT(B10,"dddd") -> Monday | J10: =WEEKDAY(B10,2) -> 1 | K10: =VLOOKUP(C10,Products!$A$2:$C$7,3,FALSE) -> Electronics | L10: =VLOOKUP(C10,Products!$A$2:$C$7,2,FALSE) -> Refrigerator | M10: =VLOOKUP(D10,Regions!$A$2:$B$5,2,FALSE) -> South
A11: O1009 | B11: 45762 | C11: P104 | D11: R1 | E11: 1 | F11: 30000 | G11: =TEXT(B11,"mmm-yyy") -> Apr-2025 | H11: =MONTH(B11) -> 4 | I11: =TEXT(B11,"dddd") -> Tuesday | J11: =WEEKDAY(B11,2) -> 2 | K11: =VLOOKUP(C11,Products!$A$2:$C$7,3,FALSE) -> Electronics | L11: =VLOOKUP(C11,Products!$A$2:$C$7,2,FALSE) -> Oven | M11: =VLOOKUP(D11,Regions!$A$2:$B$5,2,FALSE) -> North

Sheet Products
A2: ProductID | B2: ProductName | C2: Category
A3: P101 | B3: Microwave | C3: Electronics
A4: P102 | B4: Refrigerator | C4: Electronics
A5: P103 | B5: Washing Machine | C5: Electronics
A6: P104 | B6: Oven | C6: Electronics
A7: P105 | B7: Mixer | C7: Home Appliances

Sheet Regions
A2: RegionID | B2: RegionName
A3: R1 | B3: North
A4: R2 | B4: South
A5: R3 | B5: West
